LinkBitRate,RejectedRate,TransmittedRate
100,13.02135,86.94918
200,0.76465,99.20589
300,0.11762,99.85294
400,0.03109,99.93947
500,0.0117,99.95886
600,0.00517,99.96539
700,0.00264,99.96792
800,0.00149,99.96907
900,0.00082,99.96974
1000,0.00056,99.97
1100,0.0004,99.97016
1200,0.00027,99.97029
1300,0.00017,99.97039
1400,0.00015,99.97041
1500,0.00012,99.97044
1600,0.0001,99.97046
1700,8e-05,99.97048
1800,7e-05,99.97049
1900,5e-05,99.97051
2000,4e-05,99.97052
