ArrivalRate,RejectedRate,TransmittedRate
10,0.0,10.00555
20,0.0,20.01523
30,1e-05,30.03285
40,1e-05,40.02555
50,3e-05,50.01373
60,5e-05,59.9983
70,0.0001,69.9788
80,0.00018,79.99147
90,0.00032,89.99363
100,0.00056,99.97
110,0.00092,109.95435
120,0.00145,119.96126
130,0.0024,129.97202
140,0.00357,139.98252
150,0.00499,149.98664
160,0.00708,159.97894
170,0.0098,169.97621
180,0.01317,179.98092
190,0.0176,189.98597
200,0.02303,199.97287
